<?xml version="1.0" encoding="UTF-8"?>
<project-private xmlns="http://www.netbeans.org/ns/project-private/1">
    <editor-bookmarks xmlns="http://www.netbeans.org/ns/editor-bookmarks/2" lastBookmarkId="0"/>
    <open-files xmlns="http://www.netbeans.org/ns/projectui-open-files/2">
        <group>
            <file>file:/C:/Java%20Labs/J2LP0009/src/app/ProductManagement.java</file>
            <file>file:/C:/Java%20Labs/J2LP0009/src/data/Data.java</file>
            <file>file:/C:/Java%20Labs/J2LP0009/src/app/NewCategory.java</file>
            <file>file:/C:/Java%20Labs/J2LP0009/src/models/product/ProductDAO.java</file>
        </group>
    </open-files>
</project-private>
